variable,1,2,3,4,5,6,7,8,9,10,11,12,13,14
go_outside_diff,1.6,1.6,1.6,1.4,1.4,1.6,1.4,1.4,1.6,4.0,1.8,1.5,1.8,1.4
get_around_inside_diff,0.3,0.2,0.4,0.4,0.4,0.4,0.3,0.4,0.4,0.7,0.6,0.3,0.4,0.4
get_out_of_bed_diff,0.1,0.3,0.1,0.1,0.1,0.0,0.1,0.1,0.1,0.1,0.1,0.1,0.1,0.0
eating_diff,0.1,0.1,0.2,0.1,0.1,0.1,0.2,0.2,0.1,0.2,0.1,0.1,0.2,0.2
bathing_diff,0.1,0.0,0.2,0.2,0.1,0.1,0.1,0.1,0.1,0.1,0.0,0.1,0.1,0.1
toileting_diff,0.1,0.2,0.2,0.1,0.1,0.1,0.1,0.1,0.0,0.1,0.1,0.1,0.1,0.1
dressing_diff,0.7,0.5,0.5,0.4,0.5,0.5,0.5,0.4,0.5,0.9,0.4,0.9,0.7,0.7
go_out_freq,0.0,0.0,0.1,0.0,0.0,0.0,0.0,0.0,0.0,0.0,0.0,0.0,0.0,0.0
self_rated_health,0.1,0.1,0.0,0.1,0.0,0.1,0.0,0.0,0.1,0.1,0.1,0.0,0.0,0.0
phq2,0.7,0.9,1.1,1.2,1.0,0.9,0.7,0.8,0.9,1.1,0.7,0.5,0.6,0.4
dementia_class,0.0,0.0,0.0,0.0,0.0,0.0,0.0,0.0,0.0,0.0,0.0,0.0,0.0,0.0
capacity_limits,0.8,1.1,1.8,2.2,1.6,1.3,1.5,1.7,1.7,1.2,1.1,0.7,1.0,1.0
n_chronic,0.0,0.0,0.0,0.0,0.0,0.0,0.0,0.0,0.0,0.0,0.0,0.0,0.0,0.0
walk_time,18.0,17.3,17.0,18.8,13.9,13.5,11.7,12.6,13.7,100.0,14.0,13.6,14.6,14.5
chair_time,30.7,31.2,30.7,34.5,27.2,27.5,27.3,28.3,30.3,100.0,30.8,28.4,31.9,32.6
grip_max,17.9,17.3,17.5,18.3,14.2,13.9,12.9,13.5,14.0,100.0,15.0,13.5,14.9,15.4
balance_score,10.1,9.3,8.4,8.5,4.6,4.6,3.7,3.7,4.0,100.0,7.4,5.0,5.6,4.8
perf_unable,7.7,6.6,5.1,5.3,1.7,1.7,0.9,1.0,0.7,100.0,5.3,2.6,3.5,2.6
network_size,7.2,6.6,0.0,5.8,5.1,5.1,3.9,4.0,4.1,7.2,5.2,3.6,4.5,4.3
bmi,3.4,3.1,3.4,3.2,2.4,3.1,2.7,2.8,2.6,2.4,1.5,2.4,2.9,3.0
go_outside_device,1.7,1.5,1.8,1.4,1.4,1.5,1.2,1.3,1.5,3.9,1.7,1.4,1.8,1.4
get_around_inside_device,0.6,0.4,0.8,0.7,0.5,0.6,0.4,0.6,0.6,0.8,0.8,0.8,0.7,0.7
get_out_of_bed_device,0.1,0.1,0.2,0.1,0.1,0.1,0.0,0.1,0.0,0.1,0.1,0.0,0.0,0.0
eating_device,0.1,0.2,0.2,0.1,0.1,0.1,0.2,0.1,0.1,0.1,0.1,0.1,0.2,0.2
bathing_device,0.2,0.2,0.3,0.3,0.1,0.1,0.2,0.2,0.1,0.2,0.0,0.1,0.2,0.2
toileting_device,0.2,0.2,0.3,0.2,0.1,0.1,0.1,0.1,0.1,0.2,0.0,0.1,0.3,0.1
dressing_device,0.6,0.4,0.4,0.3,0.4,0.5,0.4,0.4,0.4,0.8,0.3,0.8,0.7,0.7
go_outside_less,1.6,1.5,1.7,1.4,1.4,1.5,1.3,1.3,1.5,4.0,1.8,1.5,1.9,1.4
get_around_inside_less,0.3,0.2,0.5,0.4,0.4,0.3,0.2,0.4,0.5,0.7,0.6,0.3,0.4,0.3
bathing_less,0.1,0.1,0.3,0.2,0.1,0.1,0.2,0.1,0.1,0.1,0.0,0.1,0.1,0.1
dressing_less,0.7,0.5,0.5,0.4,0.5,0.5,0.6,0.4,0.6,0.9,0.4,0.9,0.7,0.7
go_outside_wout,0.1,0.1,0.1,0.0,0.0,0.1,0.1,0.1,0.2,0.1,0.1,0.0,0.1,0.1
get_around_inside_wout,0.0,0.0,0.1,0.1,0.0,0.1,0.0,0.0,0.0,0.1,0.2,0.0,0.1,0.1
get_out_of_bed_wout,0.0,0.1,0.0,0.1,0.0,0.0,0.0,0.1,0.0,0.1,0.1,0.0,0.0,0.0
eating_wout,0.0,0.0,0.1,0.0,0.0,0.0,0.0,0.0,0.0,0.0,0.0,0.0,0.0,0.1
bathing_wout,0.0,0.0,0.0,0.1,0.1,0.0,0.0,0.0,0.0,0.0,0.0,0.0,0.1,0.0
dressing_wout,0.1,0.0,0.1,0.1,0.0,0.0,0.0,0.0,0.0,0.1,0.0,0.1,0.1,0.0
fell_last_year,0.0,0.1,0.1,0.0,0.0,0.0,0.1,0.0,0.1,0.1,0.1,0.0,0.1,0.1
pain_limits,0.0,0.0,0.0,0.1,0.0,0.1,0.1,0.1,0.0,0.0,0.1,0.0,0.1,0.0
hospital_stay,0.1,0.4,0.3,0.4,0.2,0.2,0.4,0.2,0.1,0.2,0.1,0.3,0.2,0.2
iadl_laundry_diff,0.1,0.1,0.0,0.0,0.1,0.0,0.0,0.0,0.0,0.1,0.0,0.1,0.1,0.0
iadl_shopping_diff,0.0,0.0,0.0,0.1,0.0,0.0,0.1,0.0,0.0,0.1,0.0,0.0,0.1,0.1
iadl_meals_diff,0.1,0.1,0.1,0.1,0.1,0.1,0.2,0.1,0.2,0.1,0.1,0.1,0.2,0.0
iadl_banking_diff,0.3,0.1,0.1,0.2,0.3,0.3,0.2,0.1,0.3,0.1,0.1,0.3,0.2,0.1
iadl_meds_diff,0.0,0.0,0.1,0.0,0.0,0.0,0.0,0.1,0.1,0.1,0.1,0.0,0.1,0.1
iadl_laundry_hhelp,0.1,0.1,0.1,0.0,0.1,0.0,0.0,0.0,0.0,0.1,0.0,0.1,0.1,0.0
iadl_shopping_hhelp,0.0,0.1,0.1,0.1,0.1,0.1,0.1,0.0,0.1,0.1,0.1,0.1,0.2,0.1
iadl_meals_hhelp,0.1,0.1,0.1,0.1,0.1,0.1,0.1,0.1,0.3,0.1,0.1,0.1,0.2,0.1
iadl_banking_hhelp,0.3,0.0,0.0,0.0,0.3,0.3,0.3,0.2,0.3,0.1,0.1,0.3,0.3,0.2
iadl_meds_hhelp,0.1,0.1,0.0,0.1,0.0,0.0,0.0,0.1,0.0,0.1,0.0,0.1,0.1,0.1
cannot_walk_6blocks,0.8,1.1,1.8,2.2,1.6,1.3,1.5,1.7,1.7,1.2,1.1,0.7,1.0,1.0
cannot_climb_10stairs,0.7,0.7,1.0,0.9,1.0,0.7,0.7,0.8,0.7,0.7,0.7,0.7,0.8,0.6
low_energy,0.1,0.2,0.4,0.2,0.3,0.2,0.2,0.2,0.3,0.2,0.3,0.0,0.2,0.1
balance_problem,0.0,0.1,0.2,0.1,0.1,0.2,0.1,0.1,0.2,0.1,0.1,0.0,0.2,0.1
lower_body_weak,0.0,0.1,0.1,0.1,0.1,0.1,0.0,0.1,0.1,0.1,0.0,0.0,0.1,0.1
breathing_problem,0.0,0.0,0.1,0.1,0.0,0.1,0.1,0.1,0.1,0.1,0.0,0.0,0.1,0.1
weight_loss_10lb,1.3,1.1,1.4,1.6,0.9,1.5,1.2,2.0,1.5,1.2,1.1,0.8,1.1,1.3
stroke,0.1,0.1,0.1,0.1,0.2,0.2,0.1,0.2,0.1,0.1,0.1,0.0,0.1,0.1
poor_vision,0.8,1.2,1.4,1.7,1.2,1.2,1.1,1.0,1.0,1.0,0.8,0.7,0.9,0.7
poor_hearing,0.3,0.3,0.4,0.4,0.3,0.2,0.1,0.1,0.1,0.1,0.2,0.2,0.1,0.1
memory_worse,0.0,1.1,1.7,2.2,0.9,1.4,1.4,1.5,1.3,1.4,1.5,0.6,0.7,0.9
memory_poor,0.1,0.1,0.1,0.2,0.1,0.1,0.1,0.0,0.1,0.2,0.1,0.0,0.1,0.1
go_outside_help,0.0,0.0,0.0,0.0,0.0,0.0,0.0,0.0,0.1,0.0,0.0,0.0,0.1,0.0
get_around_inside_help,0.0,0.0,0.0,0.0,0.0,0.0,0.0,0.0,0.0,0.1,0.1,0.0,0.0,0.0
get_out_of_bed_help,0.1,0.1,0.0,0.0,0.0,0.0,0.0,0.0,0.0,0.0,0.1,0.0,0.0,0.0
eating_help,0.0,0.0,0.1,0.0,0.0,0.0,0.0,0.0,0.0,0.1,0.1,0.0,0.0,0.0
bathing_help,0.1,0.1,0.2,0.1,0.1,0.0,0.1,0.1,0.1,0.1,0.0,0.1,0.1,0.0
toileting_help,0.1,0.1,0.2,0.1,0.0,0.0,0.0,0.0,0.0,0.1,0.0,0.1,0.1,0.0
dressing_help,0.1,0.0,0.1,0.1,0.0,0.0,0.1,0.1,0.1,0.1,0.1,0.1,0.1,0.0
age,0.0,0.0,0.0,0.0,0.0,0.0,0.0,0.0,0.0,0.0,0.0,0.0,0.0,0.0
female,0.0,0.0,0.0,0.0,0.0,0.0,0.0,0.0,0.0,0.0,0.0,0.0,0.0,0.0
race_eth,1.2,0.9,0.8,0.8,2.5,2.1,1.7,1.5,1.5,1.4,1.4,0.9,0.8,0.6
lives_alone,0.4,0.0,0.0,0.0,0.0,0.0,0.0,0.0,0.0,0.0,0.0,0.0,0.0,0.0
proxy,0.0,0.0,0.0,0.0,0.0,0.0,0.0,0.0,0.0,0.0,0.0,0.0,0.0,0.0
income,0.0,0.0,0.0,0.0,0.0,0.0,0.0,0.0,0.0,0.0,0.0,0.0,0.0,0.0
medicaid,2.5,1.7,3.8,4.8,4.8,2.6,2.3,2.1,2.0,2.1,1.6,2.0,2.3,2.2
